,NE 5  3426A,TOTL  3727A,NE 3  3869A,TOTL  4363A,HE 2  4686A,TOTL  4861A,O  3  5007A,O  1  6300A,H  1  6563A,N  2  6584A,S II  6716A,S  2  6720A,S II  6731A,Temperature,O III / H-Beta,O I / H-Alpha,N II / H-Alpha,S II / H-Alpha,O II / O III,He II / H-Beta,Ne V / Ne III,S II 6716/ S II 6731,O II / N II,O III / O II
0,0.0011296,3.9499,1.185,0.023799,0.25699,1.0,5.7701,0.55724,2.9555,7.9113,1.1665,2.558,1.3915,10000.0,0.761183339858,-0.724588680133,0.42761688978,-0.0627304235423,-0.164597239168,-0.590083775615,-3.02079366664,-0.0765984675403,-0.301661752774,0.164597239168
1,0.00044214,2.8734,0.7961,0.015263,0.20316,1.0,4.1819,0.39792,3.0856,6.8925,1.0204,2.2363,1.2159,100000.0,0.621373643506,-0.889543857932,0.34903714892,-0.139809562062,-0.16297755608,-0.692161795843,-3.25540781701,-0.0761274085236,-0.379980687352,0.16297755608
2,0.0011744,3.8256,1.184,0.030997,0.28452,1.0,6.2177,0.49573,3.06,8.1731,1.2416,2.7311,1.4895,1000000.0,0.793629763785,-0.790476224663,0.426665386175,-0.0493838242353,-0.210930205013,-0.545887199974,-3.00353565981,-0.0790588036369,-0.329687253885,0.210930205013
3,0.0051986,5.4003,1.8237,0.047354,0.2964,1.0,7.107,1.6631,2.9741,10.494,1.7197,3.616,1.8963,10000000.0,0.851686315442,-0.252437203426,0.547585492879,0.0848728548205,-0.119268428818,-0.528121800693,-2.54506699565,-0.0424543537842,-0.288523173238,0.119268428818
