,TOTL  3727A,TOTL  4861A,O  3  5007A,O  1  6300A,H  1  6563A,N  2  6584A,S  2  6720A,Temperature,O III / H-Beta,O I / H-Alpha,N II / H-Alpha,S II / H-Alpha,O II / O III
0,1.8731,1.0,14.927,0.091846,2.8666,2.2536,0.48372,10^4,0.716605436283,-1.03693975298,0.352876833978,-0.315405955799,-0.901411568956
1,1.3588,1.0,12.677,0.062354,3.026,1.6962,0.42317,10^5,0.622147566641,-1.20513568136,0.229477058873,-0.373485128535,-0.96986095213
2,1.4593,1.0,14.052,0.070692,3.0224,1.7866,0.49562,10^6,0.667386200542,-1.15062973122,0.252027329653,-0.304851176641,-0.98359355865
3,2.4494,1.0,22.417,0.10994,2.8557,2.3591,0.31995,10^7,0.894864910278,-0.95884426737,0.372746350605,-0.494917885495,-0.961517778311
