,NE 5  3426A,TOTL  3727A,NE 3  3869A,TOTL  4363A,HE 2  4686A,TOTL  4861A,O  3  5007A,O  1  6300A,H  1  6563A,N  2  6584A,S II  6716A,S  2  6720A,S II  6731A,Temperature,O III / H-Beta,O I / H-Alpha,N II / H-Alpha,S II / H-Alpha,O II / O III,He II / H-Beta,Ne V / Ne III,S II 6716/ S II 6731,O II / N II,O III / O II
0,0.00079337,3.1873,0.96037,0.015282,0.25763,1.0,4.8923,0.48014,2.9742,9.0766,1.1064,2.4468,1.3404,10000.0,0.689513080488,-0.792002281158,0.484553027496,-0.084771697463,-0.186090137751,-0.589003566484,-3.08296281082,-0.083322252062,-0.454500254048,0.186090137751
1,0.00059964,2.6394,0.80159,0.011039,0.25775,1.0,4.2577,0.41993,2.9893,9.7382,1.0474,2.331,1.2836,100000.0,0.62917505754,-0.852392600176,0.512909187574,-0.108027228607,-0.20766984518,-0.588801326044,-3.12606169515,-0.088317138858,-0.56697347734,0.20766984518
2,0.0002913,2.2039,0.61306,0.009646,0.20273,1.0,3.4045,0.3342,3.1277,7.6856,0.94757,2.092,1.1444,1000000.0,0.532053338514,-0.971218644549,0.390452687587,-0.174663409911,-0.188861453613,-0.693081979623,-3.32316249624,-0.0819665465978,-0.542485892792,0.188861453613
3,0.00020964,1.7781,0.49621,0.006944,0.20332,1.0,2.8833,0.28746,3.1511,8.1271,0.88773,1.9703,1.0826,10000000.0,0.459889831971,-1.03988476446,0.411473417861,-0.203929828364,-0.209933650012,-0.691819898969,-3.37419136123,-0.0861871260534,-0.659979421609,0.209933650012
4,0.00082546,3.0694,0.9565,0.020239,0.286,1.0,5.2847,0.43234,3.0877,9.3908,1.1848,2.6246,1.4398,,0.723020338466,-0.853809679572,0.483067493492,-0.0705719733001,-0.235966849685,-0.543633966871,-3.06398894122,-0.0846571237149,-0.485649102503,0.235966849685
5,0.00062316,2.5298,0.79597,0.014794,0.28677,1.0,4.6029,0.37995,3.1095,10.079,1.1238,2.5031,1.3793,,0.66303153976,-0.912964112303,0.510726884053,-0.0942123609298,-0.259945351521,-0.542466283673,-3.1062971309,-0.0889697084493,-0.600331256963,0.259945351521
6,0.0040493,4.7425,1.6012,0.033667,0.29783,1.0,6.4351,1.4793,2.9829,12.498,1.6528,3.5061,1.8533,,0.808555300131,-0.304582436884,0.622201826197,0.0701856046253,-0.13254796057,-0.526031558504,-2.59706562795,-0.0497254215648,-0.420833180771,0.13254796057
7,0.003322,4.1447,1.4117,0.025819,0.29722,1.0,5.867,1.3275,2.9935,13.713,1.5877,3.3886,1.8009,,0.768416088216,-0.353144732728,0.660953213527,0.053841044023,-0.15092298712,-0.526921970156,-2.6283427866,-0.0547211532924,-0.519639374913,0.15092298712
