,AR 3  7135A,NE 5  3426A,TOTL  3727A,NE 3  3869A,TOTL  4363A,HE 2  4686A,TOTL  4861A,O  3  4959A,O  3  5007A,HE 1  5876A,O  1  6300A,H  1  6563A,N  2  6584A,S II  6716A,S  2  6720A,S II  6731A,Temperature,O III / H-Beta,O I / H-Alpha,N II / H-Alpha,S II / H-Alpha,O II / O III,O II / H-Beta,O III / O II,He II / H-Beta
0,0.39101,0.055067,3.4262,1.7498,0.11227,0.29506,1.0,3.7316,11.232,0.098382,0.4505,2.9094,2.5583,0.79707,1.5335,0.73643,10000.0,1.05045709479,-0.810108639184,-0.0558519636665,-0.278119654181,-0.515644384037,0.534812710749,0.515644384037,-0.530089661922
1,0.31644,0.35524,2.538,1.6859,0.14242,0.32498,1.0,4.0692,12.248,0.09056,0.34232,2.8982,1.7952,0.60229,1.1051,0.50277,100000.0,1.08806517769,-0.927696078639,-0.208015512539,-0.418726773204,-0.683573559932,0.404491617759,0.683573559932,-0.488143365658
2,0.36575,0.024063,2.5767,1.2845,0.090201,0.23748,1.0,3.0108,9.078,0.10758,0.31413,3.0776,2.2334,0.69388,1.3255,0.63164,1000000.0,0.957990178407,-0.991102758988,-0.139245661497,-0.36583244123,-0.546926320946,0.411063857461,0.546926320946,-0.624372959746
3,0.29564,0.24875,1.506,1.2744,0.1699,0.28779,1.0,3.6327,10.968,0.099128,0.23503,3.1787,1.3071,0.48094,0.85894,0.378,10000000.0,1.04012744178,-1.13112624133,-0.38594072726,-0.568286714032,-0.862302469917,0.177824971865,0.862302469917,-0.54092430081
4,0.41443,0.05644,3.0023,1.6514,0.14225,0.32734,1.0,3.8194,11.515,0.096292,0.28859,3.049,2.3893,0.73964,1.4247,0.68508,,1.0612639423,-1.02387614619,-0.105886741269,-0.330434000064,-0.583809856047,0.477454086253,0.583809856047,-0.485000921921
5,0.31345,0.39666,1.6682,1.4559,0.20971,0.37679,1.0,4.087,12.339,0.087333,0.14663,3.1392,1.3015,0.43659,0.78614,0.34956,,1.09127996423,-1.33059615113,-0.382374813255,-0.601319091298,-0.86903184737,0.222248116859,0.86903184737,-0.423900631894
6,0.39447,0.24436,4.1349,2.2974,0.20621,0.34445,1.0,4.1432,12.471,0.085918,1.8042,2.9657,3.9439,1.5721,2.8977,1.3255,,1.09590127923,-0.215842538696,0.123798677426,-0.0100737963928,-0.479436268354,0.616465010872,0.479436268354,-0.462873810912
7,0.28506,1.4018,2.9469,2.1704,0.29627,0.40495,1.0,4.5688,13.752,0.069776,1.608,2.9486,3.0728,1.4124,2.4806,1.0682,,1.13836586368,-0.263329816788,0.0179184329567,-0.0750591218367,-0.669000464913,0.469365398766,0.669000464913,-0.392598596698
