,NE 5  3426A,TOTL  3727A,NE 3  3869A,TOTL  4363A,HE 2  4686A,TOTL  4861A,O  3  5007A,O  1  6300A,H  1  6563A,N  2  6584A,S II  6716A,S  2  6720A,S II  6731A,Temperature,O III / H-Beta,O I / H-Alpha,N II / H-Alpha,S II / H-Alpha,O II / O III,He II / H-Beta,Ne V / Ne III,S II 6716/ S II 6731,O II / N II,O III / O II
0,0.39221,1.8053,1.7994,0.1379,0.30263,1.0,13.74,0.32545,2.8881,2.5835,0.38407,0.92005,0.53598,10^4,1.13798673272,-0.948127950657,-0.0484037606531,-0.49680079687,-0.881437350571,-0.519088022153,-0.661609053661,-0.144738198955,-0.155659083729,0.881437350571
1,0.24016,1.1762,1.3522,0.14678,0.26061,1.0,11.958,0.19517,3.1381,1.8917,0.32309,0.72873,0.40563,10^5,1.07765854908,-1.20625371676,-0.219814515036,-0.634100130165,-1.00717737402,-0.584008923767,-0.750540256701,-0.0988065511888,-0.206371088778,1.00717737402
2,0.46581,1.3567,1.5302,0.22703,0.40086,1.0,13.541,0.15376,3.1908,2.0579,0.29872,0.69921,0.40049,10^6,1.13165073809,-1.31705621305,-0.19047531621,-0.659291952492,-0.999166913089,-0.397007277863,-0.516539389904,-0.127327375873,-0.180940442169,0.999166913089
3,1.6154,2.5906,2.5004,0.31519,0.38389,1.0,16.209,1.8808,2.9186,5.7211,1.3441,2.9102,1.5661,10^7,1.20975622226,-0.190831962017,0.292304960799,-0.00125174175592,-0.796355861069,-0.415793200728,-0.189729411685,-0.0663879084688,-0.344079177743,0.796355861069
