,AR 3  7135A,NE 5  3426A,TOTL  3727A,NE 3  3869A,TOTL  4363A,HE 2  4686A,TOTL  4861A,O  3  4959A,O  3  5007A,HE 1  5876A,O  1  6300A,H  1  6563A,N  2  6584A,S II  6716A,S  2  6720A,S II  6731A,Temperature,O III / H-Beta,O I / H-Alpha,N II / H-Alpha,S II / H-Alpha,O II / O III,He II / H-Beta,Ne V / Ne III,S II 6716/ S II 6731,O II / N II,O III / O II,O II / H-Beta,Ne III / H-Alpha,Ar III / H-Alpha,He I / H-Beta,O III 4363 / O III 4959
0,0.39101,0.055067,3.4262,1.7498,0.11227,0.29506,1.0,3.7316,11.232,0.098382,0.4505,2.9094,2.5583,0.79707,1.5335,0.73643,10000.0,1.05045709479,-0.810108639184,-0.0558519636665,-0.278119654181,-0.515644384037,-0.530089661922,-1.50209699504,0.0343649914508,0.126861239916,0.515644384037,0.534812710749,-0.220815022304,-0.87161556997,-1.00708435295,-1.52163136176
1,0.36575,0.024063,2.5767,1.2845,0.090201,0.23748,1.0,3.0108,9.078,0.10758,0.31413,3.0776,2.2334,0.69388,1.3255,0.63164,100000.0,0.957990178407,-0.991102758988,-0.139245661497,-0.36583244123,-0.546926320946,-0.624372959746,-1.72738433754,0.0408147449494,0.0620973456589,0.546926320946,0.411063857461,-0.379478064696,-0.925027838501,-0.968268460054,-1.52347055505
2,0.41443,0.05644,3.0023,1.6514,0.14225,0.32734,1.0,3.8194,11.515,0.096292,0.28859,3.049,2.3893,0.73964,1.4247,0.68508,1000000.0,1.0612639423,-1.02387614619,-0.105886741269,-0.330434000064,-0.583809856047,-0.485000921921,-1.46626527518,0.0332791008714,0.099183403157,0.583809856047,0.477454086253,-0.266305144105,-0.866706238529,-1.01640979284,-1.42894286869
3,0.39447,0.24436,4.1349,2.2974,0.20621,0.34445,1.0,4.1432,12.471,0.085918,1.8042,2.9657,3.9439,1.5721,2.8977,1.3255,10000000.0,1.09590127923,-0.215842538696,0.123798677426,-0.0100737963928,-0.479436268354,-0.462873810912,-0.973206500271,0.074100435631,0.0205391162658,0.479436268354,0.616465010872,-0.110890600449,-0.876113237087,-1.06591584104,-1.30302617576
