,NE 5  3426A,TOTL  3727A,NE 3  3869A,TOTL  4363A,HE 2  4686A,TOTL  4861A,O  3  5007A,O  1  6300A,H  1  6563A,N  2  6584A,S II  6716A,S  2  6720A,S II  6731A,Temperature,O III / H-Beta,O I / H-Alpha,N II / H-Alpha,S II / H-Alpha,O II / O III,He II / H-Beta,Ne V / Ne III,S II 6716/ S II 6731,O II / N II,O III / O II
0,0.0023028,5.0972,1.6054,0.060112,0.25443,1.0,7.4569,0.69419,2.9224,4.4462,1.1865,2.5519,1.3654,10000.0,0.872558319068,-0.624261305956,0.182249335134,-0.058876007297,-0.165226644633,-0.594431682071,-2.84332703786,-0.0609921559623,0.0593426800972,0.165226644633
1,0.0010069,4.1332,1.1877,0.042444,0.19916,1.0,5.8271,0.50488,3.0184,4.0725,1.0579,2.2797,1.2219,100000.0,0.765452471166,-0.776588625026,0.130084300788,-0.121899092963,-0.149166050449,-0.700797882397,-3.07172041562,-0.0625910476743,0.00642532773664,0.149166050449
2,0.0023672,4.964,1.6029,0.073638,0.27788,1.0,7.9058,0.58259,3.0045,4.5174,1.2113,2.6251,1.4137,1000000.0,0.897945823415,-0.712409182541,0.177116339175,-0.0586263563707,-0.202114050588,-0.556142709798,-2.83067147675,-0.0671055407769,0.0409432253024,0.202114050588
3,0.0082591,5.6103,2.0106,0.087423,0.28624,1.0,7.6446,1.9236,2.9806,5.3735,1.7585,3.615,1.8566,10000000.0,0.883354766094,-0.190188928715,0.255953556096,0.083804604514,-0.134368681155,-0.543269676777,-2.3863929537,-0.0235759734643,0.018728831726,0.134368681155
